GlyTouCan ID,Glycosylation Type,UniCarbKB,PubChem,GlycomeDB
G00056HH,N-Linked,3487,-,39511
G00503EE,N-Linked,-,SID252278894,19000
G00544JF,N-Linked,5367,-,39797
G00995HW,N-Linked,-,SID252289420,19829
G00998NI,N-Linked,1603,SID252291679,17419
G01361CV,N-Linked,1119,SID252279783,17448
G01406RR,N-Linked,2887,SID252281343,19764
G02631NI,N-Linked,1837,-,39243
G03015LB,N-Linked,2127,-,39302
G03151MA,N-Linked,4922,-,39721
G03277UZ,N-Linked,-,SID252284311,17949
G03652TR,N-Linked,1061,SID252281213,5748
G03749EO,N-Linked,3465,-,39505
G04251SC,N-Linked,4626,-,39690
G04448SK,N-Linked,1849,-,39249
G04874SZ,N-Linked,2921,-,39421
G05188BU,N-Linked,5366,SID252281641,19878
G05478GN,N-Linked,2535,SID252284889,20083
G05979RR,N-Linked,5138,SID252295408,18980
G06067KZ,N-Linked,5369,SID252280069,19067
G06070ZH,N-Linked,4787,-,39701
G06442NS,N-Linked,2581,-,39375
G06642AP,N-Linked,3981,-,40560
G07380TS,N-Linked,-,SID252283251,20345
G07414XZ,N-Linked,7264,-,40261
G07829JQ,N-Linked,6533,SID252283108,40049
G08111FJ,N-Linked,-,SID252282948,19778
G08161JQ,N-Linked,-,SID252283775,20360
G09060YK,N-Linked,4340,-,39640
G09131WF,N-Linked,5609,-,39862
G09416DG,N-Linked,-,SID252294635,10121
G09568JT,N-Linked,1919,SID252288559,11813
G10109RQ,N-Linked,3055,-,39440
G10122RQ,N-Linked,4039,-,40565
G10219AA,N-Linked,-,SID252288179,1866
G10254QG,N-Linked,3467,-,39506
G10470SE,N-Linked,1745,SID252278127,18349
G10666VQ,N-Linked,-,SID252284606,20038
G11176QN,N-Linked,6685,-,40077
G11509RN,N-Linked,-,SID252290115,2067
G12338DQ,N-Linked,3457,-,39501
G12371GV,N-Linked,7173,-,40220
G13054AU,N-Linked,5550,-,39840
G13346MU,N-Linked,3553,-,32233
G13397YQ,N-Linked,7101,-,40174
G14431ZQ,N-Linked,1801,SID252287460,39239
G14462MX,N-Linked,7340,-,40300
G14576KZ,N-Linked,1487,SID252276280,17591
G14606UO,N-Linked,5107,-,39735
G15527QL,N-Linked,-,SID252289308,24597
G15774QX,N-Linked,3459,-,39502
G15887VX,N-Linked,4587,-,39674
G16633VX,N-Linked,3563,-,20265
G16829EX,N-Linked,1785,-,39236
G17541OC,N-Linked,5185,-,39784
G17639DA,N-Linked,7095,SID252296070,40169
G17652MS,N-Linked,2985,-,17911
G17697SQ,N-Linked,5568,-,39856
G18808AB,N-Linked,4790,-,39704
G19221SF,N-Linked,2827,-,39403
G19520XO,N-Linked,-,SID252292919,24628
G19747OA,N-Linked,1064,SID252294638,17412
G19840AF,N-Linked,7175,-,40847
G20079RG,N-Linked,1499,SID252286273,17651
G20624LQ,N-Linked,1053,SID252296646,3018
G20640TY,N-Linked,6542,-,40054
G20663AI,N-Linked,5538,-,39837
G20724DU,N-Linked,4228,-,39611
G20912QY,N-Linked,7266,-,40262
G21380FF,N-Linked,-,SID252277404,19017
G21508HF,N-Linked,4583,-,39670
G21514JX,N-Linked,3913,-,39565
G22122FL,N-Linked,7091,SID252291189,20123
G22123FD,N-Linked,2589,-,39379
G22163FP,N-Linked,4791,-,39705
G22587DK,N-Linked,3021,SID252296190,20589
G22747ZM,N-Linked,6692,-,40083
G22768VO,N-Linked,-,SID252290629,773
G22972ZW,N-Linked,4799,-,39710
G23132GK,N-Linked,3975,-,39576
G23817OE,N-Linked,-,SID252288458,19071
G24229GD,N-Linked,4608,SID252283471,39679
G24439WH,N-Linked,3281,-,39461
G24599MW,N-Linked,1939,SID252294598,5736
G24604HV,N-Linked,1665,SID252287190,11811
G24660HK,N-Linked,6696,-,40087
G24763HX,N-Linked,7261,-,40258
G25530RC,N-Linked,5559,-,39847
G25864LQ,N-Linked,5583,-,39857
G25890BU,N-Linked,-,SID252284578,21144
G25902AL,N-Linked,1203,SID252283111,17504
G26189BB,N-Linked,1773,-,39231
G26383OK,N-Linked,6594,SID252286320,40071
G26441EY,N-Linked,5141,-,39752
G26928DP,N-Linked,3979,-,39578
G27110FB,N-Linked,7291,SID252291865,40281
G27817LK,N-Linked,4923,-,39722
G27826HM,N-Linked,5475,-,39831
G27874QL,N-Linked,3385,SID252288172,19078
G27929ZE,N-Linked,3595,SID252288723,6936
G27933RJ,N-Linked,4041,-,40566
G28176UJ,N-Linked,5949,-,39937
G28330DZ,N-Linked,1267,SID252294047,17538
G28962GO,N-Linked,1701,SID252280460,18598
G29024OJ,N-Linked,1493,SID252285015,17491
G29248WR,N-Linked,4606,SID252291515,19786
G29461HI,N-Linked,1703,SID252285294,18975
G29535RH,N-Linked,1925,-,39259
G29729BX,N-Linked,-,SID252290225,13936
G30529FG,N-Linked,-,SID252283513,18362
G30797DS,N-Linked,1921,-,19964
G30861MI,N-Linked,7149,-,40207
G30915AU,N-Linked,4109,SID252278942,18269
G31105PF,N-Linked,2593,-,39381
G31316SG,N-Linked,5376,-,39804
G31744OB,N-Linked,4794,-,39707
G31810OU,N-Linked,6698,-,40089
G32365IM,N-Linked,1843,-,39246
G32692TS,N-Linked,7209,-,40240
G33233SX,N-Linked,7103,-,40177
G33581QC,N-Linked,7099,-,36442
G33685ZQ,N-Linked,1525,SID252292091,19771
G34572TY,N-Linked,4822,-,40621
G35174SC,N-Linked,3361,-,39480
G35257UG,N-Linked,5605,-,39860
G35621GU,N-Linked,3535,-,39519
G35796VW,N-Linked,7263,-,40260
G36020VB,N-Linked,4609,SID252293630,39680
G36057HE,N-Linked,3545,-,39524
G36094SC,N-Linked,7262,-,40259
G36521SZ,N-Linked,3469,-,39507
G36859SD,N-Linked,1489,SID252289636,17540
G36999JV,N-Linked,6595,SID252295658,40072
G37260FV,N-Linked,4783,SID252293865,18601
G37260VJ,N-Linked,3541,-,39522
G37676KD,N-Linked,5951,-,39940
G38297TU,N-Linked,2545,SID252291856,17921
G38682DV,N-Linked,1839,-,39244
G38746TV,N-Linked,3279,-,39459
G39062YR,N-Linked,-,SID252283425,18635
G39065HZ,N-Linked,3949,SID252296745,39570
G39213VZ,N-Linked,-,SID252289783,1857
G39452ZZ,N-Linked,1659,SID252276896,11817
G39478RR,N-Linked,-,SID252280076,20548
G39761RS,N-Linked,3977,-,39577
G39893KL,N-Linked,2627,SID252279571,17643
G40033BQ,N-Linked,3475,-,39510
G40086WC,N-Linked,6430,-,40018
G40198OD,N-Linked,"1066, 7040",SID252295160,17440
G40268BC,N-Linked,-,SID252295766,18356
G40452FK,N-Linked,-,SID252275814,28897
G40786FB,N-Linked,2449,SID252293097,28905
G40900UQ,N-Linked,-,SID252275822,19163
G41081WD,N-Linked,6686,-,40078
G41315PN,N-Linked,2109,-,39295
G41817BL,N-Linked,-,SID252287767,28794
G41824PC,N-Linked,-,SID252287305,8818
G42295MA,N-Linked,1609,SID252283838,17913
G42415XD,N-Linked,1685,SID252286149,19763
G42525DE,N-Linked,1319,SID252295161,28708
G42653GO,N-Linked,-,SID252284374,20364
G43320NB,N-Linked,2523,-,39369
G43499QE,N-Linked,1617,SID252287454,18250
G44364RM,N-Linked,3121,SID252280242,28879
G44754DF,N-Linked,2073,SID252292933,17580
G44865OQ,N-Linked,-,SID252278453,10115
G45137VE,N-Linked,7109,-,40181
G45287IG,N-Linked,7176,-,40848
G45844RR,N-Linked,7105,-,40179
G45995IV,N-Linked,1477,SID252283362,17428
G46038XL,N-Linked,-,SID252295265,32287
G46088TL,N-Linked,7290,-,40280
G46207JN,N-Linked,5554,-,39843
G46387UV,N-Linked,-,SID252285552,8252
G46649RP,N-Linked,2527,-,39370
G46666WR,N-Linked,3271,-,39458
G46747LH,N-Linked,1809,-,39241
G46836GH,N-Linked,-,SID252288698,1243
G46991EQ,N-Linked,-,SID252284588,18955
G47063XU,N-Linked,7082,-,40165
G47427YD,N-Linked,-,SID252282926,19811
G47706TA,N-Linked,2583,-,39376
G47961RS,N-Linked,4027,-,40563
G48305IM,N-Linked,3319,-,40499
G48341FU,N-Linked,5556,-,39845
G48421GV,N-Linked,2915,SID252291862,17664
G48442VP,N-Linked,3973,SID252295174,17644
G48515VQ,N-Linked,5377,-,39805
G48614JL,N-Linked,7163,SID252290280,40212
G49225WK,N-Linked,1957,SID252286676,17758
G49282JI,N-Linked,3017,SID252282840,11494
G49407NB,N-Linked,1741,-,39225
G49872TN,N-Linked,4238,SID252292313,39618
G49900EU,N-Linked,5514,-,39834
G49930HB,N-Linked,-,SID252283855,2998
G49980RY,N-Linked,3011,-,39433
G49984EZ,N-Linked,6539,-,40052
G49993RR,N-Linked,7160,SID252286646,40210
G50293EM,N-Linked,4584,-,39671
G50375VB,N-Linked,5566,-,39854
G50502BT,N-Linked,2519,-,39367
G50507PS,N-Linked,1677,SID252282902,17548
G50543NR,N-Linked,4805,-,39712
G50728CA,N-Linked,-,SID252277380,20931
G50839HB,N-Linked,2521,-,39368
G51266ML,N-Linked,4037,-,40564
G51654CU,N-Linked,-,SID252276607,20005
G51823DN,N-Linked,2585,-,39377
G51923CR,N-Linked,3543,-,39523
G52441NC,N-Linked,3115,SID252280354,28836
G52524GO,N-Linked,3501,-,39515
G52724WY,N-Linked,2493,SID252284715,18248
G52934AK,N-Linked,-,SID252289997,13408
G52971DE,N-Linked,1247,SID252294131,17675
G53582JE,N-Linked,1599,SID252294623,17497
G53667CH,N-Linked,-,SID252277934,2066
G53923UR,N-Linked,2631,SID252276986,24722
G54306CN,N-Linked,6691,-,40082
G54371KD,N-Linked,6538,-,40051
G54380FJ,N-Linked,2629,SID252289150,19903
G54578EI,N-Linked,6695,-,40086
G55075ZC,N-Linked,6156,-,39988
G55653UQ,N-Linked,7161,-,40211
G55803NG,N-Linked,7174,SID252292414,40221
G56014GC,N-Linked,-,SID252294815,10120
G56076WY,N-Linked,4796,-,39708
G56202TA,N-Linked,1081,SID252289440,8624
G56301MI,N-Linked,3495,-,39512
G56321MP,N-Linked,3461,-,39503
G56517YZ,N-Linked,3709,-,39544
G56653RI,N-Linked,6597,SID252276845,17566
G56749GV,N-Linked,-,SID252285077,216
G56988MG,N-Linked,4610,SID252293843,39681
G57001BK,N-Linked,4115,-,39586
G57228LQ,N-Linked,2509,-,39366
G57437DS,N-Linked,7162,-,40844
G57832QR,N-Linked,7140,-,40203
G58056LQ,N-Linked,4204,-,39597
G58217PP,N-Linked,1195,SID252287067,17465
G58381OV,N-Linked,"1949, 7094",SID252280262,39264
G58517TJ,N-Linked,1907,SID252282355,20169
G58521VQ,N-Linked,3539,-,39521
G58746AB,N-Linked,-,SID252294606,18658
G59132RG,N-Linked,1853,-,39251
G59406KS,N-Linked,-,SID252277342,6934
G59513YA,N-Linked,1681,SID252277228,17454
G59600VW,N-Linked,7169,-,40216
G59655SA,N-Linked,-,SID252290812,218
G60634GK,N-Linked,2105,-,39293
G60653MP,N-Linked,2829,-,39404
G60653VD,N-Linked,1149,SID252293832,17821
G60689VV,N-Linked,5109,-,39737
G60956VN,N-Linked,1495,SID252295683,17517
G61365NL,N-Linked,3455,-,39500
G61457CY,N-Linked,1831,SID252284812,18054
G61601ZZ,N-Linked,-,SID252293072,3016
G61717JN,N-Linked,2099,SID252288753,17467
G61751GZ,N-Linked,-,SID252284290,1865
G62364JZ,N-Linked,3015,SID252287761,28899
G62630DP,N-Linked,2919,-,39420
G62899XL,N-Linked,3929,-,39568
G62968IF,N-Linked,1669,SID252285740,17470
G63024BG,N-Linked,1627,SID252276847,17559
G63166WT,N-Linked,-,SID252279738,2068
G63428PQ,N-Linked,7158,-,40842
G63480NF,N-Linked,2661,SID252283002,17641
G63648EU,N-Linked,7106,-,40180
G64048GU,N-Linked,-,SID252292262,32242
G64181WT,N-Linked,3697,-,39540
G64541LV,N-Linked,3693,-,39538
G64860JV,N-Linked,2481,SID252293904,19039
G65984FE,N-Linked,1099,SID252295061,17527
G66072SG,N-Linked,3533,-,39518
G66741YQ,N-Linked,1521,SID252285181,5935
G66932MV,N-Linked,1277,SID252286539,18059
G67042FO,N-Linked,1799,SID252277003,39238
G67066JI,N-Linked,-,SID252294087,20553
G67079AO,N-Linked,-,SID252279078,28842
G67342MA,N-Linked,2165,SID252284488,17914
G67356RW,N-Linked,7168,-,40215
G67457ES,N-Linked,1851,-,39250
G67767BR,N-Linked,2533,SID252279315,19967
G67915MO,N-Linked,2663,SID252294625,17642
G69306BS,N-Linked,1841,-,39245
G69725KG,N-Linked,1527,SID252284842,17896
G69871VI,N-Linked,5606,-,39861
G69962LT,N-Linked,6693,-,40084
G69987TD,N-Linked,1491,SID252278952,17761
G70052MF,N-Linked,-,SID252296960,28742
G70073SG,N-Linked,1060,SID252289748,17645
G70144QU,N-Linked,7368,-,40313
G70382WT,N-Linked,1973,SID252290496,19844
G70548CP,N-Linked,3449,SID252283005,28785
G70613ZY,N-Linked,7156,-,40840
G70978CR,N-Linked,3695,-,39539
G70994WA,N-Linked,7164,-,40213
G71451NN,N-Linked,-,SID252278833,19028
G72131JM,N-Linked,1199,SID252282973,17446
G72527VN,N-Linked,7293,SID252295842,40284
G72954XC,N-Linked,"1137, 4215",SID252295295,17443
G73866ZM,N-Linked,1249,SID252288236,17415
G74325TG,N-Linked,1501,SID252281048,17439
G74674RX,N-Linked,5553,-,28763
G74930NM,N-Linked,3463,-,39504
G75932ZJ,N-Linked,7038,-,40153
G75985RP,N-Linked,3703,-,39541
G76048UD,N-Linked,6535,-,40050
G76085KR,N-Linked,5131,-,39745
G76128PG,N-Linked,4789,-,39703
G76241TN,N-Linked,2101,SID252284987,17542
G76924RW,N-Linked,3585,SID252287695,18259
G77064XE,N-Linked,2479,-,39363
G77252PU,N-Linked,-,SID252278801,2382
G77479VH,N-Linked,2473,SID252285535,17824
G78059CC,N-Linked,-,SID252285486,2275
G78068ZV,N-Linked,5128,-,39742
G78391CU,N-Linked,-,SID252277385,19936
G78525CL,N-Linked,5106,-,39734
G78769BZ,N-Linked,6427,-,40015
G79554OX,N-Linked,5108,-,39736
G79624PM,N-Linked,4792,-,39706
G79761XY,N-Linked,5864,-,39925
G79794WE,N-Linked,3983,-,40561
G79954CG,N-Linked,-,SID252293262,20158
G80276UF,N-Linked,5127,-,39741
G80563TH,N-Linked,2693,-,39390
G81121OC,N-Linked,2169,SID252279106,17716
G81915YU,N-Linked,1307,SID252276638,18997
G82529OA,N-Linked,-,SID252284044,20542
G82779CI,N-Linked,-,SID252282721,9368
G82953UJ,N-Linked,5663,-,39870
G83001IJ,N-Linked,6460,-,40045
G83553MC,N-Linked,7292,SID252296542,40282
G83737UD,N-Linked,1663,SID252277161,11816
G83943AU,N-Linked,5567,-,39855
G83958MI,N-Linked,3579,SID252287985,6935
G84153KU,N-Linked,-,SID252288800,18976
G84181KU,N-Linked,7104,-,40178
G84622HC,N-Linked,4043,-,40567
G84674JQ,N-Linked,5137,SID252284503,19011
G84689MX,N-Linked,1739,-,39224
G84908OR,N-Linked,-,SID252293664,19586
G85507NU,N-Linked,3057,-,39441
G85545IG,N-Linked,1275,SID252284918,17915
G85599NG,N-Linked,-,SID252276133,32288
G85755BV,N-Linked,1803,SID252277641,28770
G86053IC,N-Linked,"1085, 7041",SID252286624,17505
G86385RC,N-Linked,1083,SID252294569,17425
G86386QT,N-Linked,2103,SID252288712,17495
G86495BQ,N-Linked,-,SID252285214,20304
G86522OD,N-Linked,1647,SID252280176,17516
G87695KR,N-Linked,1883,SID252294628,17709
G87777GG,N-Linked,3019,SID252279199,18649
G87784HD,N-Linked,"1951, 7093",SID252291233,24631
G87908HE,N-Linked,-,SID252279896,19954
G87937HR,N-Linked,-,SID252289897,28741
G88242BL,N-Linked,3107,SID252286803,18985
G88334IC,N-Linked,-,SID252287214,10122
G88495BI,N-Linked,1187,SID252283786,17394
G88605BA,N-Linked,7171,SID252282474,40218
G88734GE,N-Linked,1747,SID252279593,18957
G88784SV,N-Linked,-,SID252289845,20846
G88876JQ,N-Linked,1623,SID252285540,17482
G89049LM,N-Linked,5136,-,39750
G89080KU,N-Linked,5563,-,39851
G89080QE,N-Linked,5373,-,39801
G89532GI,N-Linked,-,SID252290118,20382
G89587BP,N-Linked,5557,-,39846
G89738UT,N-Linked,5515,-,39835
G89846HT,N-Linked,3707,-,39543
G90543DL,N-Linked,5368,-,39798
G90655SK,N-Linked,3001,-,39430
G90889KG,N-Linked,1189,SID252296822,17393
G91072BD,N-Linked,7289,-,40279
G91121ZF,N-Linked,3559,-,24620
G92015OM,N-Linked,7217,-,40247
G92172MH,N-Linked,6596,SID252276855,40073
G92575UZ,N-Linked,1497,SID252293293,17513
G93120YX,N-Linked,5562,-,39850
G93638BI,N-Linked,1615,SID252278387,17486
G93720QH,N-Linked,7172,SID252285751,40219
G93776NO,N-Linked,4201,-,39594
G93788SW,N-Linked,1661,SID252278620,11812
G94019IV,N-Linked,-,SID252281851,21509
G94116NC,N-Linked,-,SID252293140,20076
G94486VG,N-Linked,6697,-,40088
G94809SW,N-Linked,-,SID252279688,24625
G94873VZ,N-Linked,6689,-,40080
G95222PD,N-Linked,-,SID252281827,19998
G95462PR,N-Linked,7046,-,40156
G95513KP,N-Linked,6687,-,40079
G95786NX,N-Linked,-,SID252289799,24737
G95994EE,N-Linked,-,SID252280767,19743
G96171ES,N-Linked,-,SID252285946,13930
G96219NW,N-Linked,6694,-,40085
G97023FS,N-Linked,1635,SID252277707,5735
G97101NC,N-Linked,7096,-,40170
G97212ZE,N-Linked,-,SID252287293,20032
G97286VY,N-Linked,3561,-,20750
G97545TB,N-Linked,4227,-,39610
G98131ZY,N-Linked,5950,-,39938
G98223HN,N-Linked,1697,SID252293371,18245
G98240PY,N-Linked,6690,-,40081
G98431XX,N-Linked,6541,-,40053
G98637UP,N-Linked,3499,-,39514
G98720UK,N-Linked,5561,-,39849
G98728LU,N-Linked,7092,SID252295156,40167
G99306JE,N-Linked,1619,SID252287924,19167
G99382AP,N-Linked,-,SID252280895,29188
G99448WD,N-Linked,-,SID252292245,32285
G99503MW,N-Linked,-,SID252296392,20186
G99568AR,N-Linked,1751,SID252289928,18970
G00031MO,O-Linked,-,SID252294787,475
G00897BY,O-Linked,3145,-,39451
G00997UP,O-Linked,7185,SID252282607,40224
G01203BZ,O-Linked,-,SID252287322,21707
G01416HI,O-Linked,562,SID252289694,24089
G02594WS,O-Linked,519,SID252297043,17969
G03766GQ,O-Linked,7181,SID252284409,40222
G04210UW,O-Linked,-,SID252289495,20938
G06291OS,O-Linked,580,SID252297032,39890
G07430HH,O-Linked,490,SID252286462,21854
G08358DN,O-Linked,322,SID252289587,19181
G08426DX,O-Linked,6822,-,40108
G09620VM,O-Linked,797,-,40345
G09938IH,O-Linked,5,SID252287430,18508
G10604KJ,O-Linked,163,SID252291409,22152
G11669SL,O-Linked,7192,-,40225
G12357FR,O-Linked,7184,SID252276991,40223
G13214IU,O-Linked,573,SID252292430,39879
G14442NU,O-Linked,672,SID252276022,40090
G15178AV,O-Linked,551,SID252281413,39833
G16503YF,O-Linked,688,SID252277656,18135
G17326TY,O-Linked,-,SID252280437,8793
G17482JP,O-Linked,7194,-,40227
G25738BH,O-Linked,5827,-,39909
G25757VY,O-Linked,692,SID252283862,40113
G26778RK,O-Linked,516,-,39764
G27603XJ,O-Linked,-,SID252292846,32635
G29237TW,O-Linked,564,SID252284597,39867
G33746QF,O-Linked,643,SID252291551,40020
G34789KG,O-Linked,177,SID252294948,39230
G35409SK,O-Linked,168,SID252279654,17581
G35804ML,O-Linked,598,-,39943
G38315QR,O-Linked,581,SID252293439,39896
G38450KX,O-Linked,595,-,39939
G40976PU,O-Linked,5828,-,39910
G44194HD,O-Linked,569,SID252286435,39875
G44692LQ,O-Linked,5837,-,39919
G45388GV,O-Linked,666,SID252277069,16481
G46868TY,O-Linked,159,SID252295314,8258
G47537XW,O-Linked,7200,SID252276346,21516
G48822HK,O-Linked,659,-,15829
G50999TP,O-Linked,552,SID252275812,22354
G51500KY,O-Linked,7301,SID252282190,40287
G51931HC,O-Linked,591,-,39930
G51957KZ,O-Linked,7196,SID252295388,40229
G52887ZR,O-Linked,180,SID252282670,22531
G53502ZZ,O-Linked,780,-,40338
G55838UV,O-Linked,5838,-,39920
G56299XO,O-Linked,7,SID252279297,4445
G56682BC,O-Linked,-,SID252296526,5794
G57843CW,O-Linked,697,-,40124
G57971KJ,O-Linked,543,-,39828
G58837QJ,O-Linked,7199,-,40232
G61281CO,O-Linked,574,SID252277629,39880
G63020KP,O-Linked,545,-,39829
G65191ST,O-Linked,96,SID252296609,2979
G65562ZE,O-Linked,-,SID252284354,458
G66414OW,O-Linked,27,-,39395
G66489LJ,O-Linked,102,SID252284768,17451
G67326LW,O-Linked,247,SID252286778,18261
G69176ZA,O-Linked,186,-,24859
G69487NF,O-Linked,597,-,39942
G69735UM,O-Linked,7305,SID252289461,40288
G70444FA,O-Linked,8,SID252290091,9289
G70572KM,O-Linked,4226,-,39609
G71910GL,O-Linked,673,-,40091
G72279PA,O-Linked,7198,-,40231
G77546PH,O-Linked,565,-,39868
G78369LH,O-Linked,-,SID252276980,23786
G78436BB,O-Linked,"4, 7304",SID252288330,1739
G79150MP,O-Linked,486,-,39716
G80147HT,O-Linked,98,SID252288903,17463
G80562EG,O-Linked,6977,-,40128
G81466NG,O-Linked,95,SID252289044,21637
G82305SV,O-Linked,7193,SID252292340,40226
G82950HY,O-Linked,3,SID252281013,17436
G83476KH,O-Linked,26,-,24327
G85595RO,O-Linked,4920,-,39720
G85630KC,O-Linked,575,-,39881
G86199GK,O-Linked,99,SID252288313,17597
G86372GF,O-Linked,386,SID252288276,20929
G88274IU,O-Linked,593,-,39932
G89897ZH,O-Linked,542,-,39827
G90182FM,O-Linked,7295,SID252294888,40286
G91724MB,O-Linked,5830,-,39912
G93470LV,O-Linked,-,SID252284360,10123
G93523MF,O-Linked,4225,-,17199
G95990QC,O-Linked,7197,SID252279652,40230
G96463EY,O-Linked,165,SID252290941,17582
G00047MO,-,-,SID252282939,1862
G00048MO,-,-,SID252279306,315
G00050MO,-,-,SID252285322,545
G00052MO,-,-,SID252284113,314
G00053MO,-,-,SID252276065,130
G00054MO,-,-,SID252277227,129
G00059MO,-,-,SID252284581,120
G00061MO,-,-,SID252296009,588
G00066MO,-,-,SID252277739,313
G00120QS,-,-,SID252277397,22908
G00335JE,-,7183,-,40854
G00407UJ,-,-,SID252284066,18729
G01169IB,-,2587,-,39378
G01187XC,-,7124,SID252292047,17052
G01595SM,-,7155,SID252279168,24846
G01650PH,-,6327,SID252278640,3964
G01767JJ,-,-,SID252296233,607
G02173JB,-,4926,-,39724
G02441OB,-,-,SID252278688,2053
G02657AK,-,-,SID252280026,145
G03067VG,-,-,SID252278423,617
G03277YI,-,-,SID252282012,622
G03361KC,-,-,SID252278222,2128
G03499BP,-,-,SID252294969,2166
G03506YN,-,-,SID252280676,6947
G03728KZ,-,-,SID252280130,23664
G04616ST,-,717,SID252284390,11384
G05108UT,-,1049,SID252290257,5611
G05384WR,-,-,SID252284118,24277
G06000DZ,-,-,SID252291328,19453
G06193LD,-,5129,-,39743
G06239NA,-,-,SID252280989,599
G06550JR,-,-,SID252290883,1109
G07490EK,-,-,SID252290252,16603
G08371CD,-,6,SID252285889,4446
G09552LA,-,-,SID252284731,547
G09675DY,-,-,SID252291455,1567
G10179FS,-,-,SID252289527,1111
G10203DW,-,2597,SID252281870,1768
G10422IZ,-,4021,SID252282013,3961
G10503MP,-,-,SID252289219,3803
G10712FZ,-,-,SID252288091,52
G10805TH,-,-,SID252280040,1106
G11260XI,-,-,SID252292841,10328
G12075FM,-,-,SID252277038,10140
G12304SP,-,-,SID252285545,7761
G12646DO,-,-,SID252276742,24090
G13177TU,-,-,SID252294728,3377
G13258LA,-,-,SID252280591,24789
G13974DV,-,-,SID252280489,1051
G13985TC,-,-,SID252286831,10139
G14469GR,-,-,SID252293948,1188
G14543IY,-,-,SID252278190,11990
G14633CL,-,-,SID252292761,24831
G15301IS,-,-,SID252291066,28670
G15518HO,-,2037,SID252281147,5745
G16768LX,-,-,SID252280906,1125
G17077FL,-,-,SID252296393,19802
G17460MY,-,3451,SID252289124,18306
G18221CF,-,-,SID252279663,19215
G18331QM,-,-,SID252292462,5146
G18464VS,-,-,SID252295603,16948
G18625KA,-,-,SID252293537,141
G19298OA,-,-,SID252284932,24844
G19336PT,-,-,SID252296200,2109
G19926LY,-,-,SID252281423,19311
G21269SH,-,-,SID252282958,11823
G21856LC,-,-,SID252296521,64
G22754FQ,-,-,SID252286729,1614
G23000DQ,-,-,SID252281788,4692
G23232XI,-,-,SID252288359,1990
G23347CS,-,-,SID252281372,591
G24034CH,-,-,SID252292915,2710
G24384AP,-,-,SID252287785,21757
G24499XE,-,-,SID252293727,8940
G24978QU,-,695,SID252286091,40118
G25413GH,-,7180,-,40852
G25870FA,-,7179,-,40851
G25984EB,-,-,SID252293136,2968
G26099QK,-,-,SID252292961,1987
G26123AX,-,-,SID252287193,165
G26805JF,-,7178,-,40850
G26915TH,-,-,SID252276369,8040
G27179AJ,-,-,SID252275892,8043
G27798EJ,-,485,SID252287363,2626
G28566CQ,-,-,SID252278309,1855
G28800UK,-,-,SID252281356,24305
G28978TP,-,7165,-,40845
G29042WW,-,-,SID252291775,1992
G29138OW,-,1587,SID252280047,17528
G29273GU,-,2893,-,39415
G30207PZ,-,-,SID252277441,375
G30558XQ,-,-,SID252294238,17549
G31135WM,-,-,SID252296891,605
G31265VL,-,2031,SID252288255,17599
G31668AP,-,-,SID252282212,5597
G31713XX,-,-,SID252293556,9961
G32254QI,-,-,SID252277562,2090
G32386AG,-,-,SID252276716,2052
G32698HD,-,-,SID252280215,12016
G32758HZ,-,-,SID252279758,4542
G32915BP,-,-,SID252295316,1124
G32969VW,-,-,SID252286348,17628
G33088YO,-,-,SID252280205,18075
G33127ZT,-,-,SID252282055,8041
G35528XC,-,2553,SID252287776,17479
G35963CN,-,3445,SID252284313,39497
G36123IU,-,-,SID252288642,148
G36405UK,-,-,SID252293927,1969
G37184KW,-,-,SID252286914,377
G37193ED,-,694,-,40116
G37830TX,-,-,SID252284450,2436
G38490TT,-,7157,-,40841
G38630WM,-,-,SID252294377,17849
G38710SX,-,4642,SID252295879,18391
G39023AU,-,-,SID252276473,312
G39188CA,-,-,SID252292638,1049
G39211DH,-,-,SID252287564,17421
G39807DF,-,-,SID252285640,16723
G39884QV,-,-,SID252289861,556
G40269CS,-,-,SID252290073,553
G40428BG,-,-,SID252289201,23669
G40994FC,-,-,SID252291176,1138
G41156EW,-,1845,-,39247
G41709CA,-,-,SID252289186,8949
G41759HA,-,-,SID252277950,24817
G41789QF,-,1593,SID252287121,17560
G41804LU,-,7154,SID252281582,40209
G41859KE,-,-,SID252284501,3376
G41974MG,-,-,SID252289881,2050
G42112OK,-,2633,-,39388
G42116LC,-,2617,-,39385
G43242DB,-,-,SID252293395,7904
G43797QQ,-,-,SID252294821,12006
G44183QC,-,-,SID252279536,20465
G44327JQ,-,-,SID252279122,1145
G44345UH,-,-,SID252292664,13297
G45058HZ,-,-,SID252292190,529
G45522CT,-,-,SID252289426,8579
G45714BQ,-,-,SID252293750,2352
G46208LD,-,3183,SID252276254,16646
G46394FV,-,-,SID252286442,2051
G46677TE,-,-,SID252282546,376
G46774NB,-,-,SID252278434,964
G47023PF,-,2029,SID252291254,8946
G47039OP,-,7167,-,40214
G47338FR,-,-,SID252295980,17891
G48059CD,-,4121,SID252283333,1335
G48740SL,-,4119,SID252290574,11759
G49963IQ,-,7125,SID252284308,17416
G50327WN,-,5370,-,39799
G50540JU,-,6326,SID252291118,17781
G50644WX,-,2591,-,39380
G51331BY,-,484,SID252285033,1338
G51591NI,-,-,SID252294751,5427
G51795VM,-,1585,SID252295049,17433
G52120NK,-,-,SID252294766,1512
G52370OE,-,-,SID252276745,1977
G53743TV,-,-,SID252284168,9577
G53809EF,-,-,SID252280501,9600
G53812EH,-,-,SID252288821,2442
G54149OE,-,-,SID252277224,7913
G54481DB,-,7170,-,40217
G54771ZD,-,-,SID252294135,23656
G55360MM,-,-,SID252290684,8812
G55958KV,-,-,SID252293557,17062
G56045WU,-,-,SID252285233,4447
G56181LZ,-,-,SID252279422,3846
G56478LD,-,-,SID252276688,1903
G56516VH,-,3775,SID252295893,10015
G56756FT,-,2041,SID252294726,17507
G57710SU,-,-,SID252288849,613
G57920AK,-,-,SID252290385,549
G58507TC,-,2623,-,39387
G58896AZ,-,-,SID252288216,544
G59950EF,-,5374,-,39802
G60645OK,-,-,SID252292066,1831
G61055FR,-,-,SID252284121,614
G61386ZX,-,-,SID252278556,3220
G61399NC,-,-,SID252278890,3639
G61576RZ,-,7177,-,40849
G62554JH,-,-,SID252281843,2192
G62763GO,-,-,SID252286561,8998
G62922ZN,-,-,SID252291970,1985
G63933WL,-,3443,-,40523
G64183CB,-,-,SID252292893,2350
G64189GC,-,-,SID252293310,20729
G64290CA,-,7166,-,40846
G64460FJ,-,-,SID252296622,8045
G64615DY,-,-,SID252282576,9923
G65609XC,-,3939,SID252279451,16504
G66257KQ,-,-,SID252280601,1058
G66788KX,-,4261,SID252284936,39632
G67274NW,-,-,SID252282353,317
G67623NK,-,-,SID252295227,1541
G67646YE,-,7195,-,40228
G67785RW,-,-,SID252280416,5432
G67988RO,-,-,SID252279411,587
G68110IF,-,-,SID252290856,608
G68415EV,-,-,SID252284582,8578
G68856EP,-,4125,SID252288334,24839
G69107KE,-,-,SID252284846,3766
G69277LC,-,-,SID252283098,18625
G70358QM,-,-,SID252293103,1061
G70374BH,-,-,SID252281504,1123
G70647TI,-,-,SID252282880,1850
G70874WW,-,-,SID252282726,1568
G71031QP,-,7182,-,40853
G71606HZ,-,-,SID252278840,1129
G71888DL,-,-,SID252282191,7911
G72373YW,-,3173,SID252289230,28701
G72395MI,-,-,SID252281792,3939
G72506RN,-,4636,SID252280764,24307
G73381RY,-,-,SID252285865,3378
G73567NI,-,-,SID252278918,1540
G73717AG,-,4013,SID252287723,24827
G74026TS,-,-,SID252278912,2202
G74121RX,-,-,SID252284765,594
G75087EW,-,-,SID252280519,7912
G75236EF,-,-,SID252282536,1161
G75543TY,-,5375,-,39803
G75571YN,-,1485,SID252285533,28830
G75789AR,-,-,SID252285385,552
G76152LH,-,3303,-,39465
G76680HJ,-,3007,SID252288423,17508
G77049FQ,-,5371,-,39800
G77079RV,-,"6329, 6937",-,40013
G77824XV,-,644,SID252276700,17126
G77900OU,-,589,SID252280179,39928
G78074HX,-,-,SID252293588,612
G78205EV,-,-,SID252280355,9938
G78260AJ,-,-,SID252288979,16644
G78297FC,-,-,SID252287557,25975
G78961ZT,-,-,SID252280121,9926
G79333MY,-,-,SID252287064,5101
G80062GG,-,-,SID252279124,1299
G80180SI,-,-,SID252292971,2054
G80498RN,-,3447,SID252290773,17763
G80923TV,-,-,SID252292621,8044
G81149TB,-,-,SID252289637,19147
G81229DT,-,-,SID252297022,1322
G81436EU,-,-,SID252289817,1126
G81928IQ,-,-,SID252289683,24342
G81971FM,-,4065,SID252287225,17417
G81983KG,-,-,SID252293444,51
G82038RE,-,3439,SID252289875,17445
G82236PZ,-,-,SID252281646,11426
G83513YI,-,-,SID252292006,593
G83662TS,-,-,SID252284330,12005
G84020NP,-,-,SID252282771,971
G84053BQ,-,-,SID252294661,1119
G84170WO,-,-,SID252289289,1057
G84702VT,-,725,SID252278596,40254
G84808RB,-,-,SID252296973,8577
G84906ML,-,-,SID252296022,554
G84996EP,-,-,SID252281678,20861
G85607DC,-,1595,SID252280522,17466
G85843WY,-,-,SID252284988,1110
G85856KC,-,-,SID252292982,322
G86123DJ,-,-,SID252293125,17016
G86459PH,-,-,SID252288713,1968
G86851RC,-,-,SID252286978,178
G86906WK,-,-,SID252281029,982
G87124AC,-,-,SID252288997,10138
G87727XV,-,-,SID252288669,18089
G88356HA,-,-,SID252279204,18409
G88469YE,-,2035,SID252276448,5743
G88770MJ,-,-,SID252275782,12058
G89279YZ,-,-,SID252282333,8042
G89293FU,-,-,SID252285220,2611
G90077BJ,-,7186,-,40855
G90387AM,-,-,SID252283679,7552
G90417DH,-,-,SID252284279,7819
G90544PQ,-,3437,SID252290862,39494
G90562PB,-,-,SID252279468,133
G91237TK,-,-,SID252278045,146
G92429IK,-,-,SID252286053,9939
G93468NI,-,-,SID252282853,24760
G93529RD,-,4260,SID252290721,39631
G93871LV,-,-,SID252295410,8576
G94470QH,-,-,SID252283458,16919
G95223JW,-,2043,SID252295414,5747
G95528UC,-,-,SID252292323,2005
G96045AL,-,-,SID252282894,8811
G96168ED,-,-,SID252293199,2004
G96428WC,-,-,SID252281053,21691
G96596OC,-,-,SID252293430,6890
G96834JC,-,-,SID252277419,2823
G96983TA,-,7159,-,40843
G97612UN,-,-,SID252290427,24807
G97865VX,-,3441,-,39496
G98173LG,-,-,SID252291884,3965
G98544DH,-,-,SID252288444,132
G99053DY,-,-,SID252292308,590
G99753FF,-,-,SID252296219,11521
