UniProt Acc,PDB ID,Amino Acid,Chain,PDB Position,UniProt Position
P08709-1,1DAN,S,L,52,112
P08709-1,1DAN,S,L,60,120
P08709-1,1DAN,S,H,195,255
P08709-1,1DVA,S,L,52,249
P08709-1,1DVA,S,L,60,257
P08709-1,1DVA,S,I,195,392
P08709-1,1FAK,S,L,52,112
P08709-1,1FAK,S,L,60,120
P13726-1,1J9C,S,L,52,84
P13726-1,1J9C,S,L,60,92
P13726-1,1J9C,S,H,195,227
P27487-1,1NU8,S,B,87,87
P08709-1,1QFK,S,L,52,112
P08709-1,1QFK,S,L,60,120
P08709-1,1QFK,S,H,344,404
P27487-1,1RWQ,S,B,87,87
P08709-1,1W0Y,S,L,52,249
P08709-1,1W0Y,S,L,60,257
P08709-1,1W2K,S,L,52,249
P08709-1,1W2K,S,L,60,257
P08709-1,1WQV,S,L,52,112
P08709-1,1WQV,S,L,60,120
P08709-1,1WSS,S,L,52,112
P08709-1,1WSS,S,L,60,120
P08709-1,1WTG,S,L,52,112
P08709-1,1WTG,S,L,60,120
P08709-1,1WUN,S,L,52,112
P08709-1,1WUN,S,L,60,120
P08709-1,1WV7,S,L,52,112
P08709-1,1WV7,S,L,60,120
P35442-1,1YO8,S,A,555,555
P08709-1,2A2Q,S,L,52,112
P08709-1,2A2Q,S,L,60,120
P08709-1,2B8O,S,L,52,112
P08709-1,2B8O,S,L,60,120
P08709-1,2PUQ,S,L,60,120
P08709-1,2PUQ,S,L,52,112
P08709-1,2PUQ,S,H,344,404
P35442-1,2RHP,S,A,955,955
P35442-1,2RHP,S,A,555,555
P08709-1,2ZP0,S,L,60,120
P08709-1,2ZP0,S,L,52,112
P08709-1,2ZWL,S,L,60,120
P08709-1,2ZWL,S,L,52,112
P08709-1,2ZZU,S,L,60,120
P08709-1,2ZZU,S,L,52,112
Q76LX8-1,3GHM,S,A,399,399
Q76LX8-1,3GHN,S,A,399,399
P08709-1,3TH2,S,L,52,112
P08709-1,3TH2,S,L,60,120
P08709-1,3TH3,S,L,52,112
P08709-1,3TH3,S,L,60,120
P08709-1,3TH3,S,H,195,255
P08709-1,3TH4,S,L,52,112
P08709-1,3TH4,S,L,60,120
P08709-1,3TH4,S,H,195,255
P16871-1,3UP1,S,B,133,153
Q76LX8-1,3VN4,S,A,399,399
O60844-1,3VY7,S,A,201,201
O15294-1,4AY5,S,7,1555,1555
O15294-1,4GYW,S,D,21,31
O15294-1,4GZ3,S,D,21,31
P08709-1,4IBL,S,L,60,120
P08709-1,4IBL,S,L,52,112
P08709-1,4IBL,S,H,170H,230
P08709-1,4YLQ,S,L,52,112
P08709-1,4YLQ,S,L,60,120
P08709-1,4YLQ,S,H,195,255
P08709-1,4Z6A,S,L,60,120
P08709-1,4Z6A,S,H,195,255
P08709-1,4ZMA,S,L,52,112
P08709-1,4ZMA,S,L,60,120
Q15750-1,5DIY,S,P,4,395
P13501-1,5DNF,S,A,4,27
O15294-1,5HGV,S,B,21,31
Q08554-1,5IRY,S,A,126,260
Q08554-1,5IRY,S,A,331,465
Q08554-1,5IRY,S,B,424,558
Q8NBL1-1,5L0V,S,B,7,7
Q8NBL1-1,5L0V,S,B,22,22
Q04721-1,5MWB,S,A,462,462
Q04721-1,5MWB,S,A,500,500
O60502-1,5UN8,S,E,149,149
O60502-1,5VVU,S,B,395,395
O60502-1,5VVV,S,B,41,41
P00740-1,5VYG,S,B,53,99
P07996-1,1LSL,T,A,432,450
P07996-1,1LSL,T,A,489,507
P05451-1,1QDD,T,A,5,27
P15169-1,2NSM,T,A,380,400
P15169-1,2NSM,T,A,382,402
P15169-1,2NSM,T,A,389,409
Q9Y5W5-1,2YGQ,T,A,255,255
P17931-1,3AYA,T,A,251,251
P13671-1,3T5O,T,A,17,38
P13671-1,3T5O,T,A,371,392
O60844-1,3VZG,T,A,201,201
P78504-1,4CBZ,T,A,311,311
P78504-1,4CC0,T,A,311,311
P78504-1,4CC1,T,A,311,311
P46531-1,4CUD,T,A,466,466
P46531-1,4D0E,T,A,466,466
P00747-1,4DUR,T,A,346,365
P32926-1,5EQX,T,A,427,476
P32926-1,5EQX,T,A,429,478
P32926-1,5EQX,T,A,431,480
Q14126-1,5ERD,T,A,431,480
Q14126-1,5ERD,T,A,433,482
Q14126-1,5ERD,T,A,435,484
Q02487-1,5ERP,T,A,203,338
Q02487-1,5ERP,T,A,205,340
Q02487-1,5ERP,T,A,423,558
Q02487-1,5ERP,T,A,425,560
Q08554-1,5IRY,T,A,203,337
Q08554-1,5IRY,T,A,205,339
Q08554-1,5IRY,T,A,426,560
Q02487-1,5J5J,T,A,429,564
Q02487-1,5J5J,T,A,431,566
Q02487-1,5J5J,T,A,433,568
Q9NR61-1,5MVX,T,A,299,299
Q04721-1,5MWB,T,A,436,436
Q04721-1,5MWB,T,A,470,470
O43854-1,4D90,T,B,88,88
O43854-1,4D90,T,B,73,73
P01031-1,4E0S,T,B,17,17
O00548-1,4XBM,T,B,303,303
Q10471-1,5AJO,T,B,3,3
Q10471-1,5AJO,T,B,13,13
Q10471-1,5AJP,T,B,13,13
O60502-1,5VVT,T,B,381,381
O60502-1,5VVX,T,B,0,0
Q9P126-1,3WSR,T,C,52,52
Q8WZA1-1,5GGP,T,C,4,4
P16109-1,1G1S,T,D,616,657
P04062-1,2NT0,T,D,21,60
Q8WZA1-1,5GGI,T,F,4,4
Q9UKJ1-1,5XOF,T,O,53,53
P07288-1,3QUM,T,P,125,134
Q10471-1,4D0T,T,P,7,7
P00747-1,4A5T,T,S,346,365
Q9UKJ1-1,5XO2,T,X,53,53
